<?xml version="1.0" encoding="UTF-8"?>
<!DOCTYPE hibernate-mapping PUBLIC
        "-//Hibernate/Hibernate Mapping DTD 3.0//EN"
        "http://www.hibernate.org/dtd/hibernate-mapping-3.0.dtd">
<hibernate-mapping package="edu.mum.domain">
    <class name="Member" table="MEMBER">
        <id name="id" column="ID">
            <generator class="native"/>
        </id>
        <property name="firstName" column="FIRSTNAME"/>
        <property name="lastName" column="LASTNAME"/>
        <property name="age" column="AGE"/>
        <property name="title" column="TITLE"/>
        <property name="memberNumber" column="MEMBERNUMBER"/>
    </class>
</hibernate-mapping>

	 