<?xml version="1.0" encoding="UTF-8"?>
<Configuration status="WARN">
    <Appenders>
        <Console name="Console" target="SYSTEM_OUT">
            <PatternLayout pattern="%d{HH:mm:ss.SSS} [%t] %-5level %logger{36} - %msg%n"/>
        </Console>
    </Appenders>
    <Loggers>
        <Root level="error">
            <AppenderRef ref="Console" />
        </Root>
        <!-- Log SQL statements -->
        <Logger name="org.hibernate.SQL" level="debug" additivity="false">
            <AppenderRef ref="Console" />
        </Logger>
        <!-- Log cache -->
        <Logger name="org.hibernate.cache" level="debug" additivity="false">
            <AppenderRef ref="Console" />
        </Logger>
        <Logger name="org.ehcache" level="debug" additivity="false">
            <AppenderRef ref="Console" />
        </Logger>
    </Loggers>
</Configuration>